item_category,total_users,total_events,view_item_users,add_to_cart_users,begin_checkout_users,purchase_users,view_item_events,add_to_cart_events,begin_checkout_events,purchase_events,view_to_cart_rate,view_to_purchase_rate
Uncategorized Items,569,2996,0,0,437,431,0,0,2388,608,,
Writing Instruments,185,1513,0,0,161,132,0,0,1286,227,,
Clearance,732,4143,0,0,632,493,0,0,3478,665,,
Notebooks & Journals,68,336,0,0,59,33,0,0,292,44,,
Gift Cards,17,479,0,0,16,9,0,0,421,58,,
Electronics Accessories,58,293,0,0,52,40,0,0,241,52,,
Black Lives Matter,2,10,0,0,1,2,0,0,8,2,,
Home/Sale/,7973,521301,7973,2461,0,0,409702,111599,0,0,0.3086667502822024,0.0
Home/Apparel/Socks/,920,11990,919,281,0,0,9220,2770,0,0,0.3057671381936887,0.0
Backpacks/,449,4590,449,19,0,0,4449,141,0,0,0.042316258351893,0.0
Home/Shop by Brand/#IamRemarkable/,92,1923,92,28,0,0,1435,488,0,0,0.3043478260869565,0.0
Home/Apparel/Men's / Unisex/,10687,580240,10687,2832,0,0,462115,118125,0,0,0.2649948535604004,0.0
Home/Stationery/Stickers/,1472,36931,1472,475,0,0,27696,9235,0,0,0.3226902173913043,0.0
Mugs & Tumblers/,232,4407,232,30,0,0,3800,607,0,0,0.1293103448275862,0.0
Home/New/,4775,132403,4774,963,0,0,110698,21705,0,0,0.2017176372015081,0.0
Lifestyle/Drinkware/,4564,190740,4563,1317,0,0,153638,37102,0,0,0.2886259040105194,0.0
Lifestyle/Bags/,4262,133444,4262,767,0,0,118372,15072,0,0,0.179962458939465,0.0
Lifestyle/Small Goods/,3529,132770,3528,829,0,0,109830,22940,0,0,0.2349773242630385,0.0
Home/Stationery/,2096,76527,2096,552,0,0,59621,16906,0,0,0.2633587786259541,0.0
Home/Apparel/Hats/,5825,172047,5822,2411,0,0,126602,45445,0,0,0.4141188594984541,0.0
Home/Shop by Brand/YouTube/,4525,122601,4524,705,0,0,104579,18022,0,0,0.1558355437665782,0.0
Men's T-Shirts/,1742,45591,1742,286,0,0,38769,6822,0,0,0.1641791044776119,0.0
Home/Campus Collection/,2747,99301,2746,825,0,0,73729,25572,0,0,0.3004369992716678,0.0
Home/Apparel/,5966,205914,5966,1168,0,0,169219,36695,0,0,0.1957760643647334,0.0
Men's / Unisex,6296,22223,6296,1570,0,0,17874,4349,0,0,0.2493646759847522,0.0
Lifestyle/,2560,101196,2560,545,0,0,85147,16049,0,0,0.212890625,0.0
Home/Apparel/Kids/,2528,106833,2528,661,0,0,86682,20151,0,0,0.2614715189873417,0.0
Home/Shop by Brand/Google/,2959,135570,2959,699,0,0,109901,25669,0,0,0.2362284555593105,0.0
Home/Apparel/Women's/,3803,184676,3803,1045,0,0,148675,36001,0,0,0.2747830660005258,0.0
Home/Stationery/Writing/,889,35451,889,362,0,0,24868,10583,0,0,0.4071991001124859,0.0
Sale,6531,34711,6531,1999,0,0,26902,7809,0,0,0.3060787015770938,0.0
Home/Eco-Friendly/,3448,98321,3448,704,0,0,82741,15580,0,0,0.2041763341067285,0.0
Home/Stationery/Notebooks/,1820,63452,1820,555,0,0,50735,12717,0,0,0.3049450549450549,0.0
Home/Shop by Brand/Android/,814,25653,814,189,0,0,20866,4787,0,0,0.2321867321867321,0.0
Home/Shop by Brand/,773,27497,773,177,0,0,21823,5674,0,0,0.2289780077619663,0.0
Writing,392,909,392,138,0,0,656,253,0,0,0.3520408163265306,0.0
Eco-Friendly,2061,4825,2061,388,0,0,4079,746,0,0,0.1882581271227559,0.0
Accessories/,104,2201,104,3,0,0,2153,48,0,0,0.0288461538461538,0.0
Women's,2818,10562,2818,766,0,0,8387,2175,0,0,0.2718239886444286,0.0
Men's T-Shirts,364,711,364,47,0,0,630,81,0,0,0.1291208791208791,0.0
Kids,1090,3131,1090,215,0,0,2593,538,0,0,0.1972477064220183,0.0
Notebooks,697,1487,697,167,0,0,1241,246,0,0,0.2395982783357245,0.0
Home/Shop by Brand/Google Cloud/,213,684,213,25,0,0,605,79,0,0,0.1173708920187793,0.0
Hats,91,126,91,5,0,0,121,5,0,0,0.0549450549450549,0.0
Android,386,980,386,83,0,0,814,166,0,0,0.2150259067357512,0.0
Home/Black Lives Matter/,20,30,20,2,0,0,26,4,0,0,0.1,0.0
Office/,88,2626,88,8,0,0,2290,336,0,0,0.0909090909090909,0.0
Fun/,9,164,9,0,0,0,164,0,0,0,0.0,0.0
Water Bottles/,157,3259,157,15,0,0,3081,178,0,0,0.0955414012738853,0.0
Home/Gift Cards/,27,395,27,8,0,0,220,175,0,0,0.2962962962962962,0.0
Shopping and Totes/,36,666,36,3,0,0,622,44,0,0,0.0833333333333333,0.0
Electronics/,3,30,3,0,0,0,30,0,0,0,0.0,0.0
Kid's-Infant/,42,306,42,13,0,0,240,66,0,0,0.3095238095238095,0.0
Men's Warm Gear/,5,107,5,1,0,0,95,12,0,0,0.2,0.0
Women's T-Shirts/,28,649,28,4,0,0,591,58,0,0,0.1428571428571428,0.0
Water Bottles,5,8,5,0,0,0,8,0,0,0,0.0,0.0
More Bags/,9,144,9,1,0,0,132,12,0,0,0.1111111111111111,0.0
YouTube,26,37,26,0,0,0,37,0,0,0,0.0,0.0
Women's T-Shirts,4,11,4,1,0,0,9,2,0,0,0.25,0.0
Kids-Youth/,7,61,7,0,0,0,61,0,0,0,0.0,0.0
Clearance-Accessories/,8,18,8,0,0,0,18,0,0,0,0.0,0.0
Women's Warm Gear/,1,12,1,0,0,0,12,0,0,0,0.0,0.0
Miscellaneous/,1,6,1,0,0,0,6,0,0,0,0.0,0.0
New-Accessories/,1,12,1,0,0,0,12,0,0,0,0.0,0.0
Electronics/Electronic Accessories/,1,9,1,0,0,0,9,0,0,0,0.0,0.0
Men's Warm Gear,1,1,1,0,0,0,1,0,0,0,0.0,0.0
Kid's-Toddler/,3,14,3,0,0,0,14,0,0,0,0.0,0.0
,5153,13946,4638,832,1047,206,8594,1825,3297,230,0.179387667097887,0.044415696420871
Small Goods,2860,9190,2782,607,169,158,6837,1338,839,176,0.2181883537023723,0.0567936736161035
Google,2637,11762,2361,568,302,225,8047,1907,1529,279,0.2405760271071579,0.0952986022871664
Stationery,1243,4795,1049,289,209,188,2479,686,1325,305,0.2755004766444232,0.1792183031458531
Drinkware,3077,13698,2819,886,558,532,7809,2125,3055,709,0.3142958495920539,0.1887194040439872
Bags,2895,11164,2428,325,704,498,5433,540,4487,704,0.1338550247116968,0.2051070840197693
Lifestyle,2408,10204,1855,399,533,450,5559,1011,3035,599,0.2150943396226415,0.2425876010781671
Campus Collection,1968,13238,1336,428,801,737,3685,1418,6638,1497,0.3203592814371257,0.5516467065868264
New,2613,11930,1432,285,1160,907,2448,513,7524,1445,0.199022346368715,0.6333798882681563
Apparel,6090,35147,2911,624,3096,2430,7426,1711,21026,4984,0.2143593266918584,0.8347646856750258
Shop by Brand,1348,7008,422,119,856,629,1160,357,4675,816,0.2819905213270142,1.490521327014218
Fun,49,161,3,0,26,36,4,0,116,41,0.0,12.0
Office,831,5026,32,4,672,544,54,12,4122,838,0.125,17.0
Accessories,1140,7598,35,0,941,775,57,0,6265,1276,0.0,22.142857142857142
(not set),733,2534,9,135,547,397,9,144,1933,448,15.0,44.11111111111112
